<?xml version="1.0" encoding="UTF-8"?>
<project-private xmlns="http://www.netbeans.org/ns/project-private/1">
    <editor-bookmarks xmlns="http://www.netbeans.org/ns/editor-bookmarks/2" lastBookmarkId="0"/>
    <open-files xmlns="http://www.netbeans.org/ns/projectui-open-files/2">
        <group>
            <file>file:/D:/Docs/_Politex/4sem/ZPKG/Lab1/_ZPKG_Lab1/src/_zpkg_lab1/StartWindow.java</file>
            <file>file:/D:/Docs/_Politex/4sem/ZPKG/Lab1/_ZPKG_Lab1/src/_zpkg_lab1/MoveKind.java</file>
            <file>file:/D:/Docs/_Politex/4sem/ZPKG/Lab1/_ZPKG_Lab1/src/_zpkg_lab1/MainWindow.java</file>
            <file>file:/D:/Docs/_Politex/4sem/ZPKG/Lab1/_ZPKG_Lab1/src/_zpkg_lab1/_ZPKG_Lab1.java</file>
        </group>
    </open-files>
</project-private>
